old_url,archive_path,new_url,decision
https://vl63.ru/,index.html,,review
https://vl63.ru/katalog_cvetov_plenki.html,katalog_cvetov_plenki.html,,review
https://vl63.ru/nashi_raboty.html,nashi_raboty.html,,review
https://vl63.ru/akcia.html,akcia.html,,review
https://vl63.ru/contacts.html,contacts.html,,review
https://vl63.ru/nashi_raboty/bassejn-alter-ego.html,nashi_raboty/bassejn-alter-ego.html,,review
https://vl63.ru/nashi_raboty/lovchiy.html,nashi_raboty/lovchiy.html,,review
https://vl63.ru/nashi_raboty/sush-ka.html,nashi_raboty/sush-ka.html,,review
https://vl63.ru/nashi_raboty/kafe_tarelka.html,nashi_raboty/kafe_tarelka.html,,review
https://vl63.ru/nashi_raboty/madagaskar.html,nashi_raboty/madagaskar.html,,review
https://vl63.ru/nashi_raboty/otel_emerald.html,nashi_raboty/otel_emerald.html,,review
https://vl63.ru/nashi_raboty/kafe_florans.html,nashi_raboty/kafe_florans.html,,review
https://vl63.ru/nashi_raboty/restoran_jemchujina_jiguley.html,nashi_raboty/restoran_jemchujina_jiguley.html,,review
https://vl63.ru/o-kompanii.html,o-kompanii.html,,review
https://vl63.ru/news.html,news.html,,review
https://vl63.ru/pyblikazii.html,pyblikazii.html,,review
https://vl63.ru/partners.html,partners.html,,review
https://vl63.ru/sertifikaty.html,sertifikaty.html,,review
https://vl63.ru/natyznie-potolki.html,natyznie-potolki.html,,review
https://vl63.ru/natyznsoi-potolok-zakazat.html,natyznsoi-potolok-zakazat.html,,review
https://vl63.ru/podgotovka_pomescheniya.html,podgotovka_pomescheniya.html,,review
https://vl63.ru/rekomendacii.html,rekomendacii.html,,review
https://vl63.ru/vybor_formy.html,vybor_formy.html,,review
https://vl63.ru/vybor_lyustr.html,vybor_lyustr.html,,review
https://vl63.ru/proizvodstvo.html,proizvodstvo.html,,review
https://vl63.ru/profil.html,profil.html,,review
https://vl63.ru/svetilniki.html,svetilniki.html,,review
https://vl63.ru/moduli-v-armstrong.html,moduli-v-armstrong.html,,review
https://vl63.ru/ekspluatacia-i-uhod-za-natjazhnym-potolkom.html,ekspluatacia-i-uhod-za-natjazhnym-potolkom.html,,review
https://vl63.ru/garantii.html,garantii.html,,review
https://vl63.ru/bezopasnost.html,bezopasnost.html,,review
https://vl63.ru/otzivi.html,otzivi.html,,review
https://vl63.ru/news/item/167-40.html,news/item/167-40.html,,review
https://vl63.ru/news/item/316-populyarnyj-v-tolyatti-nakladnoj-svetilnik-dlya-natyazhnyh-potolkov.html,news/item/316-populyarnyj-v-tolyatti-nakladnoj-svetilnik-dlya-natyazhnyh-potolkov.html,,review
https://vl63.ru/news/item/315-kartinka-strelochnyh-chasov-na-natyazhnom-potolke-v-malenkoj-kuhne.html,news/item/315-kartinka-strelochnyh-chasov-na-natyazhnom-potolke-v-malenkoj-kuhne.html,,review
https://vl63.ru/news/item/314-natyazhnye-potolki-v-gostinichnyh-nomerah-ustanovleny-skoro-otkroetsya-v-tolyatti-gostinitsa-kokon.html,news/item/314-natyazhnye-potolki-v-gostinichnyh-nomerah-ustanovleny-skoro-o__48ba6cfc33fc.html,,review
https://vl63.ru/news/item/313-dvuhurovnevyj-natyazhnoj-potolok-s-krasivym-kuhonnym-garniturom-v-zhk-lesnaya-sloboda.html,news/item/313-dvuhurovnevyj-natyazhnoj-potolok-s-krasivym-kuhonnym-garniturom-v-zhk-lesnaya-sloboda.html,,review
https://vl63.ru/news/item/311-kak-vyglyadit-v-interere-natyazhnoj-potolok-s-bleskom-bronzovogo-tsveta.html,news/item/311-kak-vyglyadit-v-interere-natyazhnoj-potolok-s-bleskom-bronzovogo-tsveta.html,,review
https://vl63.ru/news/item/309-pochuvstvuj-raznitsu-mezhdu-tkanevymi-i-pvh-natyazhnymi-potolkami-smotri-video.html,news/item/309-pochuvstvuj-raznitsu-mezhdu-tkanevymi-i-pvh-natyazhnymi-potolkami-smotri-video.html,,review
https://vl63.ru/natyajnye-potolki-gostinye.html,natyajnye-potolki-gostinye.html,,review
https://vl63.ru/natyajnye-potolki-kyhni.html,natyajnye-potolki-kyhni.html,,review
https://vl63.ru/natyajnye-potolki-detskie.html,natyajnye-potolki-detskie.html,,review
https://vl63.ru/natyajnye-potolki-spalni.html,natyajnye-potolki-spalni.html,,review
https://vl63.ru/natyajnye-potolki-vanny.html,natyajnye-potolki-vanny.html,,review
https://vl63.ru/natyajnye-potolki-prihojie.html,natyajnye-potolki-prihojie.html,,review
https://vl63.ru/natyajnye-potolki-basseyni.html,natyajnye-potolki-basseyni.html,,review
https://vl63.ru/natyajnye-potolki-mnogoyrovnevie.html,natyajnye-potolki-mnogoyrovnevie.html,,review
https://vl63.ru/natyajnye-potolki-volna.html,natyajnye-potolki-volna.html,,review
https://vl63.ru/natyajnye-potolki-zvezdnoe-nebo.html,natyajnye-potolki-zvezdnoe-nebo.html,,review
https://vl63.ru/natyajnye-potolki-kypol.html,natyajnye-potolki-kypol.html,,review
https://vl63.ru/mansardnie-okna.html,mansardnie-okna.html,,review
https://vl63.ru/natyajnye-potolki-konys.html,natyajnye-potolki-konys.html,,review
https://vl63.ru/3d-potolki.html,3d-potolki.html,,review
https://vl63.ru/fotopechat.html,fotopechat.html,,review
https://vl63.ru/svetovye.html,svetovye.html,,review
https://vl63.ru/arka.html,arka.html,,review
https://vl63.ru/fakturnye.html,fakturnye.html,,review
https://vl63.ru/kombinirovannye.html,kombinirovannye.html,,review
https://vl63.ru/paryashchie.html,paryashchie.html,,review
https://vl63.ru/reznye.html,reznye.html,,review
https://vl63.ru/polzovatelskoe-soglashenie.html,polzovatelskoe-soglashenie.html,,review
https://vl63.ru/politika-konfidentsialnosti.html,politika-konfidentsialnosti.html,,review
https://vl63.ru/fotogalereya.html,fotogalereya.html,,review
https://vl63.ru/akziiya.html,akziiya.html,,review
https://vl63.ru/katalog_cvetov_plenki/bel-mat.html,katalog_cvetov_plenki/bel-mat.html,,review
https://vl63.ru/katalog_cvetov_plenki/bel-satin.html,katalog_cvetov_plenki/bel-satin.html,,review
https://vl63.ru/katalog_cvetov_plenki/potolok100.html,katalog_cvetov_plenki/potolok100.html,,review
https://vl63.ru/katalog_cvetov_plenki/501.html,katalog_cvetov_plenki/501.html,,review
https://vl63.ru/katalog_cvetov_plenki/652.html,katalog_cvetov_plenki/652.html,,review
https://vl63.ru/katalog_cvetov_plenki/110.html,katalog_cvetov_plenki/110.html,,review
https://vl63.ru/katalog_cvetov_plenki/311.html,katalog_cvetov_plenki/311.html,,review
https://vl63.ru/katalog_cvetov_plenki/406.html,katalog_cvetov_plenki/406.html,,review
https://vl63.ru/katalog_cvetov_plenki/644.html,katalog_cvetov_plenki/644.html,,review
https://vl63.ru/katalog_cvetov_plenki/104.html,katalog_cvetov_plenki/104.html,,review
https://vl63.ru/katalog_cvetov_plenki/511.html,katalog_cvetov_plenki/511.html,,review
https://vl63.ru/katalog_cvetov_plenki/140.html,katalog_cvetov_plenki/140.html,,review
https://vl63.ru/katalog_cvetov_plenki/319.html,katalog_cvetov_plenki/319.html,,review
https://vl63.ru/katalog_cvetov_plenki/160.html,katalog_cvetov_plenki/160.html,,review
https://vl63.ru/katalog_cvetov_plenki/555.html,katalog_cvetov_plenki/555.html,,review
https://vl63.ru/katalog_cvetov_plenki/114.html,katalog_cvetov_plenki/114.html,,review
https://vl63.ru/katalog_cvetov_plenki/347.html,katalog_cvetov_plenki/347.html,,review
https://vl63.ru/katalog_cvetov_plenki/120.html,katalog_cvetov_plenki/120.html,,review
https://vl63.ru/katalog_cvetov_plenki/402.html,katalog_cvetov_plenki/402.html,,review
https://vl63.ru/katalog_cvetov_plenki/577.html,katalog_cvetov_plenki/577.html,,review
https://vl63.ru/katalog_cvetov_plenki/156.html,katalog_cvetov_plenki/156.html,,review
https://vl63.ru/katalog_cvetov_plenki/307.html,katalog_cvetov_plenki/307.html,,review
https://vl63.ru/katalog_cvetov_plenki/162.html,katalog_cvetov_plenki/162.html,,review
https://vl63.ru/katalog_cvetov_plenki/180.html,katalog_cvetov_plenki/180.html,,review
https://vl63.ru/katalog_cvetov_plenki/476.html,katalog_cvetov_plenki/476.html,,review
https://vl63.ru/katalog_cvetov_plenki/739.html,katalog_cvetov_plenki/739.html,,review
https://vl63.ru/katalog_cvetov_plenki/201.html,katalog_cvetov_plenki/201.html,,review
https://vl63.ru/katalog_cvetov_plenki/478.html,katalog_cvetov_plenki/478.html,,review
https://vl63.ru/katalog_cvetov_plenki/442.html,katalog_cvetov_plenki/442.html,,review
https://vl63.ru/katalog_cvetov_plenki/604.html,katalog_cvetov_plenki/604.html,,review
https://vl63.ru/katalog_cvetov_plenki/225.html,katalog_cvetov_plenki/225.html,,review
https://vl63.ru/katalog_cvetov_plenki/229.html,katalog_cvetov_plenki/229.html,,review
https://vl63.ru/katalog_cvetov_plenki/507.html,katalog_cvetov_plenki/507.html,,review
https://vl63.ru/katalog_cvetov_plenki/303.html,katalog_cvetov_plenki/303.html,,review
https://vl63.ru/katalog_cvetov_plenki/490.html,katalog_cvetov_plenki/490.html,,review
https://vl63.ru/katalog_cvetov_plenki/707.html,katalog_cvetov_plenki/707.html,,review
https://vl63.ru/katalog_cvetov_plenki/333.html,katalog_cvetov_plenki/333.html,,review
https://vl63.ru/katalog_cvetov_plenki/416.html,katalog_cvetov_plenki/416.html,,review
https://vl63.ru/katalog_cvetov_plenki/227-fiolet-tsvet-plenki-potolka-lackfolie.html,katalog_cvetov_plenki/227-fiolet-tsvet-plenki-potolka-lackfolie.html,,review
https://vl63.ru/katalog_cvetov_plenki/404.html,katalog_cvetov_plenki/404.html,,review
https://vl63.ru/katalog_cvetov_plenki/231.html,katalog_cvetov_plenki/231.html,,review
https://vl63.ru/katalog_cvetov_plenki/606.html,katalog_cvetov_plenki/606.html,,review
https://vl63.ru/katalog_cvetov_plenki/573.html,katalog_cvetov_plenki/573.html,,review
https://vl63.ru/katalog_cvetov_plenki/733.html,katalog_cvetov_plenki/733.html,,review
https://vl63.ru/nashi_raboty/bassein.html,nashi_raboty/bassein.html,,review
https://vl63.ru/nashi_raboty/park_otel.html,nashi_raboty/park_otel.html,,review
https://vl63.ru/nashi_raboty/sportzal_slon.html,nashi_raboty/sportzal_slon.html,,review
https://vl63.ru/nashi_raboty/magazin_marusya.html,nashi_raboty/magazin_marusya.html,,review
https://vl63.ru/nashi_raboty/salon_sekrety_krasoty.html,nashi_raboty/salon_sekrety_krasoty.html,,review
https://vl63.ru/nashi_raboty/solyariy_elit_sun.html,nashi_raboty/solyariy_elit_sun.html,,review
https://vl63.ru/nashi_raboty/klinika_samara.html,nashi_raboty/klinika_samara.html,,review
https://vl63.ru/news/item/307-v-kompanii-po-natyazhnym-potolkam-ooo-vlt-izmenilis-bankovskie-rekvizity.html,news/item/307-v-kompanii-po-natyazhnym-potolkam-ooo-vlt-izmenilis-bankovskie-rekvizity.html,,review
https://vl63.ru/news/item/298-neobychnaya-lyustra-vozduhoochistitel-v-natyazhnom-potolke-na-kuhne-video.html,news/item/298-neobychnaya-lyustra-vozduhoochistitel-v-natyazhnom-potolke-na-kuhne-video.html,,review
https://vl63.ru/news/item/297-chernyj-lakovyj-natyazhnoj-potolok-na-kuhne-v-cherno-belom-interere-doma.html,news/item/297-chernyj-lakovyj-natyazhnoj-potolok-na-kuhne-v-cherno-belom-interere-doma.html,,review
https://vl63.ru/news/item/296-belyj-glyantsevyj-natyazhnoj-potolok-v-odnoj-ploskosti-s-gipsokartonnym-korobom-v-bassejne.html,news/item/296-belyj-glyantsevyj-natyazhnoj-potolok-v-odnoj-ploskosti-s-gips__5939acde4cda.html,,review
https://vl63.ru/news/item/295-fotoplitka-osveschennaya-paryaschim-profilem-natyazhnogo-potolka-v-vannoj.html,news/item/295-fotoplitka-osveschennaya-paryaschim-profilem-natyazhnogo-potolka-v-vannoj.html,,review
https://vl63.ru/news/item/291-zamena-natyazhnogo-potolka-posle-neudachnyh-popytok-predyduschej-firmy.html,news/item/291-zamena-natyazhnogo-potolka-posle-neudachnyh-popytok-predyduschej-firmy.html,,review
https://vl63.ru/news/item/290-belyj-glyantsevyj-natyazhnoj-potolok-s-kartinkoj-romashki-v-spalnyu.html,news/item/290-belyj-glyantsevyj-natyazhnoj-potolok-s-kartinkoj-romashki-v-spalnyu.html,,review
https://vl63.ru/news/item/289-natyazhnoj-potolok-v-zhigulevske-razorvalo-iz-za-polomki-plastikovyh-ramok.html,news/item/289-natyazhnoj-potolok-v-zhigulevske-razorvalo-iz-za-polomki-plastikovyh-ramok.html,,review
https://vl63.ru/news/item/287-ultrafioletovaya-pechat-kartinki-rozy-na-belom-lakovom-natyazhnom-potolke-v-spalne.html,news/item/287-ultrafioletovaya-pechat-kartinki-rozy-na-belom-lakovom-natyazhnom-potolke-v-spalne.html,,review
https://vl63.ru/news/item/283-natyazhnye-potolki-oboznachili-svoyo-prisutstvie-v-tolyatti-v-megasvete-na-avtozavodskom-shosse-10-reklamnymi-vyveskami-na-fasade-zdaniya.html,news/item/283-natyazhnye-potolki-oboznachili-svoyo-prisutstvie-v-tolyatti-v__21150fafe8c6.html,,review
https://vl63.ru/news/item/282-kak-spryatali-v-korob-iz-natyazhnogo-potolka-kommunikatsii-v-tualete.html,news/item/282-kak-spryatali-v-korob-iz-natyazhnogo-potolka-kommunikatsii-v-tualete.html,,review
https://vl63.ru/news/item/279-mnogourovnevye-potolki-s-podsvetkoj-v-nishe-podelili-zony-otdyha-i-kuhni.html,news/item/279-mnogourovnevye-potolki-s-podsvetkoj-v-nishe-podelili-zony-otdyha-i-kuhni.html,,review
https://vl63.ru/news/item/275-kompaniya-vertikalnaya-liniya-tsentralnom-rajone-tolyatti.html,news/item/275-kompaniya-vertikalnaya-liniya-tsentralnom-rajone-tolyatti.html,,review
https://vl63.ru/news/item/274-novyj-magazin-megasvet-okolo-park-house-toljatti-s-tochkoj-prodazh-natjazhnyh-potolkov.html,news/item/274-novyj-magazin-megasvet-okolo-park-house-toljatti-s-tochkoj-prodazh-natjazhnyh-potolkov.html,,review
https://vl63.ru/news/item/272-natjazhnye-potolki-v-magazine-greenspark-v-toljatti.html,news/item/272-natjazhnye-potolki-v-magazine-greenspark-v-toljatti.html,,review
https://vl63.ru/news/item/270-utoplena-lusrta-v-natjazhnoj-potolok.html,news/item/270-utoplena-lusrta-v-natjazhnoj-potolok.html,,review
https://vl63.ru/news/item/266-3d-stratch-ceiling-togliatty-planeta-plitka.html,news/item/266-3d-stratch-ceiling-togliatty-planeta-plitka.html,,review
https://vl63.ru/news/item/265-manager-stratch-ceiling-togliatty-city.html,news/item/265-manager-stratch-ceiling-togliatty-city.html,,review
https://vl63.ru/news/item/262-stratch-ceiling-flower-shop-togliatty-city.html,news/item/262-stratch-ceiling-flower-shop-togliatty-city.html,,review
https://vl63.ru/news/item/261-natjazhnye-potolki-v-beer-time-toljatti.html,news/item/261-natjazhnye-potolki-v-beer-time-toljatti.html,,review
https://vl63.ru/news/item/258-natjazhnye-potolki-pvc-na-neotaplivaemoj-dache.html,news/item/258-natjazhnye-potolki-pvc-na-neotaplivaemoj-dache.html,,review
https://vl63.ru/news/item/254-svetjashijsja-natjazhnoj-potolok-v-beautystudio-toljatti.html,news/item/254-svetjashijsja-natjazhnoj-potolok-v-beautystudio-toljatti.html,,review
https://vl63.ru/news/item/251-natjazhnoj-potolok-v-zhigulevske-kombinatsyja-faktury-oblaka-foto.html,news/item/251-natjazhnoj-potolok-v-zhigulevske-kombinatsyja-faktury-oblaka-foto.html,,review
https://vl63.ru/news/item/249-natjazhnoj-potolok-spas-detej-ot-obrushivshihsja-plit-perekrytij-cherdaka.html,news/item/249-natjazhnoj-potolok-spas-detej-ot-obrushivshihsja-plit-perekrytij-cherdaka.html,,review
https://vl63.ru/news/item/248-2-urovnevyj-natjazhnoj-potolok-so-svetodidnoj-podsvetkoj-linii-peregiba-rgb-lentoj.html,news/item/248-2-urovnevyj-natjazhnoj-potolok-so-svetodidnoj-podsvetkoj-linii-peregiba-rgb-lentoj.html,,review
https://vl63.ru/news/item/245-svetovoj-potolok-vzamen-lustr-firm-po-natjazhnym-potolkam-toljatti.html,news/item/245-svetovoj-potolok-vzamen-lustr-firm-po-natjazhnym-potolkam-toljatti.html,,review
https://vl63.ru/news/item/241-montage-3d-natjazhnogo-potolka-toljatti-povolgeskij-foto-nebo.html,news/item/241-montage-3d-natjazhnogo-potolka-toljatti-povolgeskij-foto-nebo.html,,review
https://vl63.ru/news/item/240-skidka-natjazhnye-potolki-novyj-2017-god.html,news/item/240-skidka-natjazhnye-potolki-novyj-2017-god.html,,review
https://vl63.ru/news/item/230-usranena-protechka-s-natagnogo-potolka.html,news/item/230-usranena-protechka-s-natagnogo-potolka.html,,review
https://vl63.ru/news/item/229-remont-v-megastroe-okolo-natagnyh-potolkov.html,news/item/229-remont-v-megastroe-okolo-natagnyh-potolkov.html,,review
https://vl63.ru/news/item/228-aktsija-natjazhnye-potolki-lada-sedan-baklazhan.html,news/item/228-aktsija-natjazhnye-potolki-lada-sedan-baklazhan.html,,review
https://vl63.ru/news/item/227-natjazhnye_potolki_v_mansarde_so_vtorym_svetom.html,news/item/227-natjazhnye_potolki_v_mansarde_so_vtorym_svetom.html,,review
https://vl63.ru/news/item/221-max_shirina_potolka_bez_shva.html,news/item/221-max_shirina_potolka_bez_shva.html,,review
https://vl63.ru/news/item/218-novie-potolki.html,news/item/218-novie-potolki.html,,review
https://vl63.ru/news/item/209-21.html,news/item/209-21.html,,review
https://vl63.ru/news/item/207-21.html,news/item/207-21.html,,review
https://vl63.ru/news/item/186-21.html,news/item/186-21.html,,review
https://vl63.ru/news/item/185-22.html,news/item/185-22.html,,review
https://vl63.ru/news/item/184-23.html,news/item/184-23.html,,review
https://vl63.ru/news/item/183-24.html,news/item/183-24.html,,review
https://vl63.ru/news/item/182-25.html,news/item/182-25.html,,review
https://vl63.ru/news/item/181-26.html,news/item/181-26.html,,review
https://vl63.ru/news/item/180-27.html,news/item/180-27.html,,review
https://vl63.ru/news/item/179-29.html,news/item/179-29.html,,review
https://vl63.ru/news/item/178-29.html,news/item/178-29.html,,review
https://vl63.ru/nashi_raboty/vega.html,nashi_raboty/vega.html,,review
https://vl63.ru/nashi_raboty/detskiy_sad.html,nashi_raboty/detskiy_sad.html,,review
https://vl63.ru/news/item/175-32.html,news/item/175-32.html,,review
https://vl63.ru/news/item/174-33.html,news/item/174-33.html,,review
https://vl63.ru/news/item/173-34.html,news/item/173-34.html,,review
https://vl63.ru/news/item/172-35.html,news/item/172-35.html,,review
https://vl63.ru/news/item/171-36.html,news/item/171-36.html,,review
https://vl63.ru/news/item/170-37.html,news/item/170-37.html,,review
https://vl63.ru/news/item/169-39.html,news/item/169-39.html,,review
https://vl63.ru/news/item/168-39.html,news/item/168-39.html,,review
https://vl63.ru/news/item/166-16.html,news/item/166-16.html,,review
https://vl63.ru/news/item/165-17-vertikalnaya-liniya-megastroj-gromovoj-33.html,news/item/165-17-vertikalnaya-liniya-megastroj-gromovoj-33.html,,review
https://vl63.ru/news/item/164-19.html,news/item/164-19.html,,review
https://vl63.ru/news/item/163-19.html,news/item/163-19.html,,review
https://vl63.ru/news/item/162-20.html,news/item/162-20.html,,review
https://vl63.ru/news/item/161-5.html,news/item/161-5.html,,review
https://vl63.ru/news/item/160-4.html,news/item/160-4.html,,review
https://vl63.ru/news/item/159-tsvetovaya-gamma-natyazhnyh-potolkov.html,news/item/159-tsvetovaya-gamma-natyazhnyh-potolkov.html,,review
https://vl63.ru/news/item/158-7.html,news/item/158-7.html,,review
https://vl63.ru/news/item/157-8.html,news/item/157-8.html,,review
https://vl63.ru/news/item/156-9.html,news/item/156-9.html,,review
https://vl63.ru/news/item/155-3.html,news/item/155-3.html,,review
https://vl63.ru/news/item/154-2.html,news/item/154-2.html,,review
https://vl63.ru/news/item/153-1.html,news/item/153-1.html,,review
https://vl63.ru/news/item/34-aktsii.html,news/item/34-aktsii.html,,review
https://vl63.ru/ustanovka_natyajnyh_potolkov.html,ustanovka_natyajnyh_potolkov.html,,review
https://vl63.ru/rekomendacii/item/234-raschet-kolichestva-svetilnikov-v-natjazhnoi-potolok.html,rekomendacii/item/234-raschet-kolichestva-svetilnikov-v-natjazhnoi-potolok.html,,review
https://vl63.ru/rekomendacii/item/235-raspolozhit-svetilniki-natjazhnom-potolke.html,rekomendacii/item/235-raspolozhit-svetilniki-natjazhnom-potolke.html,,review
https://vl63.ru/rekomendacii/item/263-na-skolko-opustitsja-natjagnoj-potolok.html,rekomendacii/item/263-na-skolko-opustitsja-natjagnoj-potolok.html,,review
https://vl63.ru/rekomendacii/item/231-kak-sprjatat-trubu-dlja-vytjazhki-na-kuhne-za-natjazhnym-potolkom.html,rekomendacii/item/231-kak-sprjatat-trubu-dlja-vytjazhki-na-kuhne-za-natjazhnym-potolkom.html,,review
https://vl63.ru/rekomendacii/item/233-natjazhnoi-potolok-s-nishei-dlja-shtor.html,rekomendacii/item/233-natjazhnoi-potolok-s-nishei-dlja-shtor.html,,review
https://vl63.ru/rekomendacii/item/237-probit-elektro-provod-montage-natjazhnoj-potolok.html,rekomendacii/item/237-probit-elektro-provod-montage-natjazhnoj-potolok.html,,review
https://vl63.ru/rekomendacii/item/253-natjazhnoj-potolok-k-keramogranitu-bez-sverlenija-plitki.html,rekomendacii/item/253-natjazhnoj-potolok-k-keramogranitu-bez-sverlenija-plitki.html,,review
https://vl63.ru/rekomendacii/itemlist/tag/%D0%B1%D0%B0%D0%BB%D0%BA%D0%BE%D0%BD.html,rekomendacii/itemlist/tag/балкон.html,,review
https://vl63.ru/rekomendacii/itemlist/tag/%D0%B2%D1%81%D1%82%D1%80%D0%BE%D0%B8%D1%82%D1%8C%20%D0%BF%D0%B5%D1%87%D0%BD%D1%83%D1%8E%20%D1%82%D1%80%D1%83%D0%B1%D1%83.html,rekomendacii/itemlist/tag/встроить печную трубу.html,,review
https://vl63.ru/rekomendacii/itemlist/tag/%D0%B2%D1%8B%D0%B1%D0%BE%D1%80%20%D1%86%D0%B2%D0%B5%D1%82%D0%B0.html,rekomendacii/itemlist/tag/выбор цвета.html,,review
https://vl63.ru/rekomendacii/itemlist/tag/%D0%B4%D0%B5%D0%BA%D0%BE%D1%80.html,rekomendacii/itemlist/tag/декор.html,,review
https://vl63.ru/rekomendacii/itemlist/tag/%D0%B4%D0%B5%D1%80%D0%B5%D0%B2%D1%8F%D0%BD%D0%BD%D1%8B%D0%B5%20%D0%B4%D0%BE%D0%BC%D0%B0.html,rekomendacii/itemlist/tag/деревянные дома.html,,review
https://vl63.ru/rekomendacii/itemlist/tag/%D0%B7%D0%BE%D0%BD%D0%B8%D1%80%D0%BE%D0%B2%D0%B0%D0%BD%D0%B8%D0%B5.html,rekomendacii/itemlist/tag/зонирование.html,,review
https://vl63.ru/rekomendacii/itemlist/tag/%D0%BA%D0%B0%D1%87%D0%B5%D1%81%D1%82%D0%B2%D0%B0%20%D0%BD%D0%B0%D1%82%D1%8F%D0%B6%D0%BD%D1%8B%D1%85%20%D0%BF%D0%BE%D1%82%D0%BE%D0%BB%D0%BA%D0%BE%D0%B2.html,rekomendacii/itemlist/tag/качества натяжных потолков.html,,review
https://vl63.ru/rekomendacii/itemlist/tag/%D0%BC%D0%BD%D0%BE%D0%B3%D0%BE%D1%83%D1%80%D0%BE%D0%B2%D0%BD%D0%B5%D0%B2%D1%8B%D0%B5%20%D0%BF%D0%BE%D1%82%D0%BE%D0%BB%D0%BA%D0%B8.html,rekomendacii/itemlist/tag/многоуровневые потолки.html,,review
https://vl63.ru/rekomendacii/itemlist/tag/%D0%BE%D1%81%D0%B2%D0%B5%D1%89%D0%B5%D0%BD%D0%B8%D0%B5.html,rekomendacii/itemlist/tag/освещение.html,,review
https://vl63.ru/rekomendacii/itemlist/tag/%D0%BF%D1%80%D0%BE%D1%82%D0%B5%D1%87%D0%BA%D0%B0.html,rekomendacii/itemlist/tag/протечка.html,,review
https://vl63.ru/rekomendacii/itemlist/tag/%D0%BF%D1%8F%D1%82%D0%BD%D0%B0.html,rekomendacii/itemlist/tag/пятна.html,,review
https://vl63.ru/rekomendacii/itemlist/tag/%D1%80%D0%B5%D1%88%D0%B5%D0%BD%D0%B8%D0%B5%20%D0%BF%D1%80%D0%BE%D0%B1%D0%BB%D0%B5%D0%BC.html,rekomendacii/itemlist/tag/решение проблем.html,,review
https://vl63.ru/rekomendacii/itemlist/tag/%D1%81%D0%BF%D1%80%D1%8F%D1%82%D0%B0%D1%82%D1%8C%20%D0%B2%D0%BE%D0%B7%D0%B4%D1%83%D1%85%D0%BE%D0%B2%D0%BE%D0%B4.html,rekomendacii/itemlist/tag/спрятать воздуховод.html,,review
https://vl63.ru/rekomendacii/itemlist/tag/%D1%82%D1%80%D1%83%D0%B1%D1%8B%20%D0%BE%D1%82%D0%BE%D0%BF%D0%BB%D0%B5%D0%BD%D0%B8%D1%8F.html,rekomendacii/itemlist/tag/трубы отопления.html,,review
https://vl63.ru/rekomendacii/itemlist/tag/%D1%83%D1%80%D0%BE%D0%B2%D0%B5%D0%BD%D1%8C%20%D0%BD%D0%B0%D1%82%D1%8F%D0%B6%D0%BD%D0%BE%D0%B3%D0%BE%20%D0%BF%D0%BE%D1%82%D0%BE%D0%BB%D0%BA%D0%B0.html,rekomendacii/itemlist/tag/уровень натяжного потолка.html,,review
https://vl63.ru/rekomendacii/itemlist/tag/%D1%86%D0%B5%D0%BD%D1%8B.html,rekomendacii/itemlist/tag/цены.html,,review
https://vl63.ru/rekomendacii/itemlist/tag/%D1%88%D0%B2%D0%B5%D0%B4%D1%81%D0%BA%D0%B0%D1%8F%20%D1%81%D1%82%D0%B5%D0%BD%D0%BA%D0%B0.html,rekomendacii/itemlist/tag/шведская стенка.html,,review
https://vl63.ru/rekomendacii/itemlist/tag/%D1%88%D0%BA%D0%B0%D1%84%20%D0%BA%D1%83%D0%BF%D0%B5.html,rekomendacii/itemlist/tag/шкаф купе.html,,review
https://vl63.ru/rekomendacii/itemlist/tag/%D1%88%D1%82%D0%BE%D1%80%D1%8B%20%D1%81%20%D0%BD%D0%B0%D1%82%D1%8F%D0%B6%D0%BD%D1%8B%D0%BC%20%D0%BF%D0%BE%D1%82%D0%BE%D0%BB%D0%BA%D0%BE%D0%BC.html,rekomendacii/itemlist/tag/шторы с натяжным потолком.html,,review
https://vl63.ru/rekomendacii/itemlist/tag/%D1%8D%D0%BA%D0%BE%D0%BD%D0%BE%D0%BC%D0%B8%D1%8F.html,rekomendacii/itemlist/tag/экономия.html,,review
https://vl63.ru/rekomendacii/itemlist/tag/%D1%8D%D0%BB%D0%B5%D0%BA%D1%82%D1%80%D0%B8%D0%BA%D0%B0.html,rekomendacii/itemlist/tag/электрика.html,,review
https://vl63.ru/rekomendacii/item/77-%D0%BE%D0%B1%D0%B2%D0%BE%D0%B4-%D1%82%D1%80%D1%83%D0%B1%D1%8B-%D0%BD%D0%B0%D1%82%D1%8F%D0%B6%D0%BD%D1%8B%D0%BC-%D0%BF%D0%BE%D1%82%D0%BE%D0%BB%D0%BA%D0%BE%D0%BC.html,rekomendacii/item/77-обвод-трубы-натяжным-потолком.html,,review
https://vl63.ru/kak-zakazat.html,kak-zakazat.html,,review
https://vl63.ru/rekomendacii/item/220-na-kakuju-maksimalnuju-shirinu-mozhno-ustanovit-natjazhnoi-potolok-bez-shva.html,rekomendacii/item/220-na-kakuju-maksimalnuju-shirinu-mozhno-ustanovit-natjazhnoi-potolok-bez-shva.html,,review
https://vl63.ru/rekomendacii/item/225-natjazhnye-potolki-tsena-za-1-m2.html,rekomendacii/item/225-natjazhnye-potolki-tsena-za-1-m2.html,,review
https://vl63.ru/rekomendacii/item/280-kak-natyazhnoj-potolok-zvyozdnoe-nebo-ukrasit-effektom-severnogo-siyaniya.html,rekomendacii/item/280-kak-natyazhnoj-potolok-zvyozdnoe-nebo-ukrasit-effektom-severnogo-siyaniya.html,,review
https://vl63.ru/natyajnye-potolki-kupol.html,natyajnye-potolki-kupol.html,,review
https://vl63.ru/rekomendacii/item/226-otkuda-pjatna-na-natjazhnom-potolke.html,rekomendacii/item/226-otkuda-pjatna-na-natjazhnom-potolke.html,,review
https://vl63.ru/rekomendacii/item/222-kak-povesit-zanaveski-na-balkone-esli-natjazhnye-potolki-blizko-k-rame.html,rekomendacii/item/222-kak-povesit-zanaveski-na-balkone-esli-natjazhnye-potolki-blizko-k-rame.html,,review
https://vl63.ru/rekomendacii/item/267-porez-natjazhnogo-potolka-zakryt-vent-reshetkoj.html,rekomendacii/item/267-porez-natjazhnogo-potolka-zakryt-vent-reshetkoj.html,,review
https://vl63.ru/rekomendacii/item/187-kak-economy-electrik-pri-montage-stratch-ceiling.html,rekomendacii/item/187-kak-economy-electrik-pri-montage-stratch-ceiling.html,,review
https://vl63.ru/rekomendacii/item/204-%D0%BE%D0%B1-%D1%83%D1%81%D1%82%D1%80%D0%BE%D0%B9%D1%81%D1%82%D0%B2%D0%B5-%D0%BF%D1%80%D1%8F%D0%BC%D0%BE%D1%83%D0%B3%D0%BE%D0%BB%D1%8C%D0%BD%D1%8B%D1%85-%D0%BC%D0%BD%D0%BE%D0%B3%D0%BE%D1%83%D1%80%D0%BE%D0%B2%D0%BD%D0%B5%D0%B2%D1%8B%D1%85-%D0%BD%D0%B0%D1%82%D1%8F%D0%B6%D0%BD%D1%8B%D1%85-%D0%BF%D0%BE%D1%82%D0%BE%D0%BB%D0%BA%D0%BE%D0%B2.html,rekomendacii/item/204-об-устройстве-прямоугольных-многоуровневых-натяжных-потолков.html,,review
https://vl63.ru/rekomendacii/item/205-kak-ubrat-vodu-s-natjazhnogo-potolka-posle-protechki.html,rekomendacii/item/205-kak-ubrat-vodu-s-natjazhnogo-potolka-posle-protechki.html,,review
https://vl63.ru/rekomendacii/item/206-kvadratnye-svetilniki-v-natjazhnoj-potolok.html,rekomendacii/item/206-kvadratnye-svetilniki-v-natjazhnoj-potolok.html,,review
https://vl63.ru/rekomendacii/item/210-%D1%87%D1%82%D0%BE-%D0%B4%D0%B5%D0%BB%D0%B0%D1%82%D1%8C-%D1%81-%D0%BD%D0%B0%D1%82%D1%8F%D0%B6%D0%BD%D1%8B%D0%BC%D0%B8-%D0%BF%D0%BE%D1%82%D0%BE%D0%BB%D0%BA%D0%B0%D0%BC%D0%B8-%D0%BF%D1%80%D0%B8-%D0%B7%D0%B0%D0%BC%D0%B5%D0%BD%D0%B5-%D1%82%D1%80%D1%83%D0%B1-%D0%BE%D1%82%D0%BE%D0%BF%D0%BB%D0%B5%D0%BD%D0%B8%D1%8F.html,rekomendacii/item/210-что-делать-с-натяжными-потолками-при-замене-труб-отопления.html,,review
https://vl63.ru/rekomendacii.html?start=14,rekomendacii__q_4c4f2037aa.html,,review
https://vl63.ru/rekomendacii.html?start=28,rekomendacii__q_440a53144d.html,,review
https://vl63.ru/rekomendacii.html?start=42,rekomendacii__q_a64ea7898f.html,,review
https://vl63.ru/rekomendacii.html?start=56,rekomendacii__q_6eb790dad5.html,,review
https://vl63.ru/natyajnye_potolki.html,natyajnye_potolki.html,,review
https://vl63.ru/tehnologii.html,tehnologii.html,,review
https://vl63.ru/rekomendacii/item/238-svarnoi-shov-matovogo-natjazhnogo-potolka-foto-video.html,rekomendacii/item/238-svarnoi-shov-matovogo-natjazhnogo-potolka-foto-video.html,,review
https://vl63.ru/rekomendacii/item/239-vstavka-dekorativnaja-lenta-natjazhnogo-potolka.html,rekomendacii/item/239-vstavka-dekorativnaja-lenta-natjazhnogo-potolka.html,,review
https://vl63.ru/rekomendacii/item/256-udalit-klej-cosmofen-natjazhnogo-potolka.html,rekomendacii/item/256-udalit-klej-cosmofen-natjazhnogo-potolka.html,,review
https://vl63.ru/rekomendacii/item/255-remont-natjazhnogo-potolka.html,rekomendacii/item/255-remont-natjazhnogo-potolka.html,,review
https://vl63.ru/rekomendacii/item/308-chem-otlichayutsya-natyazhnye-potolki-iz-plenki-pvh-i-tkanevye.html,rekomendacii/item/308-chem-otlichayutsya-natyazhnye-potolki-iz-plenki-pvh-i-tkanevye.html,,review
https://vl63.ru/rekomendacii/item/300-dizajn-gostinoj-kuhni-i-prihozhej-obedinenyh-natyazhnymi-potolkami-dvuh-tsvetov-i-faktur-v-odnom-urovne.html,rekomendacii/item/300-dizajn-gostinoj-kuhni-i-prihozhej-obedinenyh-natyazhnymi-poto__8183865cd984.html,,review
https://vl63.ru/rekomendacii/item/232-zakrepit-detskij-spot-komplex-k-natjazhnomu-potolku.html,rekomendacii/item/232-zakrepit-detskij-spot-komplex-k-natjazhnomu-potolku.html,,review
https://vl63.ru/rekomendacii/item/257-natjazhnoj-potolok-v-koridore-toljatti-3-komnat-moskovskoj-planirovki.html,rekomendacii/item/257-natjazhnoj-potolok-v-koridore-toljatti-3-komnat-moskovskoj-planirovki.html,,review
https://vl63.ru/rekomendacii/item/259-ustanovka-v-natjazhnoj-potolok-prjamougolnogo-svetilnika.html,rekomendacii/item/259-ustanovka-v-natjazhnoj-potolok-prjamougolnogo-svetilnika.html,,review
https://vl63.ru/rekomendacii/item/273-zakaz-art-foto-pechati-na-natjazhnyh-potolkah-po-katalogam.html,rekomendacii/item/273-zakaz-art-foto-pechati-na-natjazhnyh-potolkah-po-katalogam.html,,review
https://vl63.ru/rekomendacii/item/252-kak-sdelat-ravnomerno-svet-natjazhnoj-potolok.html,rekomendacii/item/252-kak-sdelat-ravnomerno-svet-natjazhnoj-potolok.html,,review
https://vl63.ru/kombinazii-zvetov.html,kombinazii-zvetov.html,,review
https://vl63.ru/nashi_raboty/jigulevskaya_ges.html,nashi_raboty/jigulevskaya_ges.html,,review
https://vl63.ru/rekomendacii/item/294-postavit-natyazhnoj-potolok-s-gipsokartonnym-v-odnom-urovne-ili-net.html,rekomendacii/item/294-postavit-natyazhnoj-potolok-s-gipsokartonnym-v-odnom-urovne-ili-net.html,,review
https://vl63.ru/rekomendacii/item/281-pochemu-potolochnyj-plintus-ne-ustanavlivayut-firmy-po-natyazhnym-potolkam.html,rekomendacii/item/281-pochemu-potolochnyj-plintus-ne-ustanavlivayut-firmy-po-natyazhnym-potolkam.html,,review
https://vl63.ru/rekomendacii/item/250-natjazhnye-potolki-na-metal-dvutavr-balki.html,rekomendacii/item/250-natjazhnye-potolki-na-metal-dvutavr-balki.html,,review
https://vl63.ru/rekomendacii/item/220-%D0%BD%D0%B0-%D0%BA%D0%B0%D0%BA%D1%83%D1%8E-%D0%BC%D0%B0%D0%BA%D1%81%D0%B8%D0%BC%D0%B0%D0%BB%D1%8C%D0%BD%D1%83%D1%8E-%D1%88%D0%B8%D1%80%D0%B8%D0%BD%D1%83-%D0%BC%D0%BE%D0%B6%D0%BD%D0%BE-%D1%83%D1%81%D1%82%D0%B0%D0%BD%D0%BE%D0%B2%D0%B8%D1%82%D1%8C-%D0%BD%D0%B0%D1%82%D1%8F%D0%B6%D0%BD%D0%BE%D0%B9-%D0%BF%D0%BE%D1%82%D0%BE%D0%BB%D0%BE%D0%BA-%D0%B1%D0%B5%D0%B7-%D1%88%D0%B2%D0%B0.html,rekomendacii/item/220-на-какую-максимальную-ширину-можно-установить-натяжной-потолок-без-шва.html,,review
https://vl63.ru/rekomendacii/item/288-kak-k-nizhnemu-krayu-nishi-v-natyazhnom-potolke-zakrepit-potolochnyj-plintus-bez-gipsokartona.html,rekomendacii/item/288-kak-k-nizhnemu-krayu-nishi-v-natyazhnom-potolke-zakrepit-poto__74cc7bea340b.html,,review
https://vl63.ru/rekomendacii/item/187-%D0%BA%D0%B0%D0%BA-%D1%81%D1%8D%D0%BA%D0%BE%D0%BD%D0%BE%D0%BC%D0%B8%D1%82%D1%8C-%D0%BD%D0%B0-%D1%8D%D0%BB%D0%B5%D0%BA%D1%82%D1%80%D0%B8%D0%BA%D0%B5-%D0%BF%D1%80%D0%B8-%D1%83%D1%81%D1%82%D0%B0%D0%BD%D0%BE%D0%B2%D0%BA%D0%B5-%D0%BD%D0%B0%D1%82%D1%8F%D0%B6%D0%BD%D1%8B%D1%85-%D0%BF%D0%BE%D1%82%D0%BE%D0%BB%D0%BA%D0%BE%D0%B2.html,rekomendacii/item/187-как-сэкономить-на-электрике-при-установке-натяжных-потолков.html,,review
https://vl63.ru/rekomendacii/item/236-natjazhnoi-potolok-mebel-shkaf-kupe.html,rekomendacii/item/236-natjazhnoi-potolok-mebel-shkaf-kupe.html,,review
https://vl63.ru/rekomendacii/item/247-otlichie-solvent-foto-print-ot-uv-natjazhnogo-potolka.html,rekomendacii/item/247-otlichie-solvent-foto-print-ot-uv-natjazhnogo-potolka.html,,review
https://vl63.ru/rekomendacii/item/293-na-skolko-bezopasno-vstroit-v-natyazhnoj-potolok-stalnuyu-trubu-dymohoda-kamina.html,rekomendacii/item/293-na-skolko-bezopasno-vstroit-v-natyazhnoj-potolok-stalnuyu-trubu-dymohoda-kamina.html,,review
https://vl63.ru/rekomendacii/item/292-kak-ukrasit-natyazhnoj-potolok-dekorativnym-shnurom-kantom-po-perimetru-sten.html,rekomendacii/item/292-kak-ukrasit-natyazhnoj-potolok-dekorativnym-shnurom-kantom-po-perimetru-sten.html,,review
https://vl63.ru/rekomendacii/item/271-decor-kamen-pod-natjazhnoj-potolok-chto-snachala-sdelat.html,rekomendacii/item/271-decor-kamen-pod-natjazhnoj-potolok-chto-snachala-sdelat.html,,review
https://vl63.ru/rekomendacii/item/260-natjazhnoj-potolok-s-podsvetkoj-perimetra-svetodiod-lentoj-aluminiev-profil.html,rekomendacii/item/260-natjazhnoj-potolok-s-podsvetkoj-perimetra-svetodiod-lentoj-aluminiev-profil.html,,review
https://vl63.ru/rekomendacii/item/224-stoit-li-natjagivat-potolki-v-derevjannom-dome.html,rekomendacii/item/224-stoit-li-natjagivat-potolki-v-derevjannom-dome.html,,review
https://vl63.ru/rekomendacii/item/269-zonirovanie-pomeshenija-natjazhnym-potolkom-v-odnom-urovne.html,rekomendacii/item/269-zonirovanie-pomeshenija-natjazhnym-potolkom-v-odnom-urovne.html,,review
https://vl63.ru/rekomendacii/item/286-pochemu-ne-stoit-ustanavlivat-natyazhnoj-potolok-na-deshevyj-plastikovyj-baget.html,rekomendacii/item/286-pochemu-ne-stoit-ustanavlivat-natyazhnoj-potolok-na-deshevyj-plastikovyj-baget.html,,review
https://vl63.ru/rekomendacii/item/299-kak-budet-vyglyadet-styk-dvuhurovnevogo-natyazhnogo-potolka-s-profilem-pp75-prozet-video.html,rekomendacii/item/299-kak-budet-vyglyadet-styk-dvuhurovnevogo-natyazhnogo-potolka-s__452e59a49604.html,,review
https://vl63.ru/rekomendacii/item/264-economy-stratching-ceiling.html,rekomendacii/item/264-economy-stratching-ceiling.html,,review
https://vl63.ru/rekomendacii/item/242-montage-natjazhnoj-potolok-laminirovannye-stenovye-paneli-pvc.html,rekomendacii/item/242-montage-natjazhnoj-potolok-laminirovannye-stenovye-paneli-pvc.html,,review
https://vl63.ru/rekomendacii/item/244-proizvoditeli-natjazhnyh-potolkov-toljatti-truby-ot-plenki.html,rekomendacii/item/244-proizvoditeli-natjazhnyh-potolkov-toljatti-truby-ot-plenki.html,,review
https://vl63.ru/rekomendacii/item/246-montazh-ekrana-proektora-v-natjazhnoj-potolok.html,rekomendacii/item/246-montazh-ekrana-proektora-v-natjazhnoj-potolok.html,,review
https://vl63.ru/rekomendacii/item/268-natjazhnoj-potolok-s-cherdachnoj-lestnitsej.html,rekomendacii/item/268-natjazhnoj-potolok-s-cherdachnoj-lestnitsej.html,,review
https://vl63.ru/rekomendacii/item/276-skolko-ekonomyat-elektroenergii-svetodiodnye-svetilniki-sravnenii-lyuminestsentnymi.html,rekomendacii/item/276-skolko-ekonomyat-elektroenergii-svetodiodnye-svetilniki-sravnenii-lyuminestsentnymi.html,,review
https://vl63.ru/rekomendacii/item/277-kakim-obogrevatelem-bezopasno-bystro-sogret-rabochee-mesto-opyt-kompanii-vertikalnaya-liniya.html,rekomendacii/item/277-kakim-obogrevatelem-bezopasno-bystro-sogret-rabochee-mesto-op__a4345014ca07.html,,review
https://vl63.ru/rekomendacii/item/278-spajka-natyazhnyh-potolkov-krivolinejno-kak-zakazat-i-skolko-stoit.html,rekomendacii/item/278-spajka-natyazhnyh-potolkov-krivolinejno-kak-zakazat-i-skolko-stoit.html,,review
https://vl63.ru/rekomendacii/item/284-esli-na-tylnuyu-storonu-natyazhnogo-potolka-popadali-moshki-ili-upala-shtukaturka.html,rekomendacii/item/284-esli-na-tylnuyu-storonu-natyazhnogo-potolka-popadali-moshki-ili-upala-shtukaturka.html,,review
https://vl63.ru/rekomendacii/item/285-chto-delat-esli-myshi-zavelis-za-natyazhnym-potolkom-i-progryzli-polotno.html,rekomendacii/item/285-chto-delat-esli-myshi-zavelis-za-natyazhnym-potolkom-i-progryzli-polotno.html,,review
https://vl63.ru/rekomendacii/item/301-ideya-nedorogogo-remonta-odnokomnatnoj-kvartiry-s-natyazhnymi-potolkami-v-tolyatti.html,rekomendacii/item/301-ideya-nedorogogo-remonta-odnokomnatnoj-kvartiry-s-natyazhnymi-potolkami-v-tolyatti.html,,review
https://vl63.ru/rekomendacii/item/302-skrytaya-podsvetka-za-poluprozrachnym-natyazhnym-potolkom-yarkij-aktsent-svetloj-gostinoj.html,rekomendacii/item/302-skrytaya-podsvetka-za-poluprozrachnym-natyazhnym-potolkom-yar__533b8a6aa8fc.html,,review
https://vl63.ru/rekomendacii/item/303-gde-razmestit-bloki-pitaniya-diodnoj-lenty-mezhurovnevoj-podsvetki-natyazhnogo-potolka.html,rekomendacii/item/303-gde-razmestit-bloki-pitaniya-diodnoj-lenty-mezhurovnevoj-podsvetki-natyazhnogo-potolka.html,,review
https://vl63.ru/rekomendacii/item/304-svetovoj-natyazhnoj-potolok-vzamen-italyanskogo-svetilnika-divinare-8021.html,rekomendacii/item/304-svetovoj-natyazhnoj-potolok-vzamen-italyanskogo-svetilnika-divinare-8021.html,,review
https://vl63.ru/rekomendacii/item/312-kak-podveshivaetsya-k-natyazhnomu-potolku-gibkij-uglovoj-karniz-dlya-shtorok-v-vannoj.html,rekomendacii/item/312-kak-podveshivaetsya-k-natyazhnomu-potolku-gibkij-uglovoj-karniz-dlya-shtorok-v-vannoj.html,,review
